data,hora,altura
2026-09-26,06:16,2.31

data	hora	altura
2026-01-01	01:59	2.16
2026-01-01	08:12	0.47
2026-01-01	14:14	2.23
2026-01-01	20:42	0.24
2026-01-02	02:55	2.25
2026-01-02	09:02	0.38
2026-01-02	15:08	2.36
2026-01-02	21:34	0.13
2026-01-03	03:42	2.30
2026-01-03	09:53	0.32
2026-01-03	15:59	2.45
2026-01-03	22:21	0.08
2026-01-04	04:32	2.31
2026-01-04	10:40	0.29
2026-01-04	16:44	2.48
2026-01-04	23:12	0.09
2026-01-05	05:16	2.28
2026-01-05	11:21	0.30
2026-01-05	17:32	2.46
2026-01-05	23:59	0.16
2026-01-06	06:02	2.20
2026-01-06	12:08	0.36
2026-01-06	18:16	2.38
2026-01-06	18:21	2.32
2026-01-07	00:44	0.28
2026-01-07	06:49	2.11
2026-01-07	12:55	0.45
2026-01-07	19:04	2.25
2026-01-08	01:34	0.43
2026-01-08	07:32	1.99
2026-01-08	13:38	0.57
2026-01-08	19:55	2.09
2026-01-09	02:16	0.59
2026-01-09	08:21	1.87
2026-01-09	14:36	0.68
2026-01-09	20:46	1.93
2026-01-10	03:16	0.74
2026-01-10	09:12	1.77
2026-01-10	15:27	0.79
2026-01-10	21:44	1.80
2026-01-11	04:10	0.84
2026-01-11	10:12	1.71
2026-01-11	16:47	0.85
2026-01-11	22:49	1.71
2026-01-12	05:23	0.89
2026-01-12	11:19	1.70
2026-01-12	17:51	0.85
2026-01-12	23:55	1.69
2026-01-13	06:17	0.87
2026-01-13	12:17	1.75
2026-01-13	18:59	0.80
2026-01-13	19:47	0.46
2026-01-14	00:57	1.73
2026-01-14	07:17	0.82
2026-01-14	13:16	1.83
2026-01-14	19:44	0.71
2026-01-15	01:42	1.81
2026-01-15	08:01	0.72
2026-01-15	14:01	1.94
2026-01-15	20:29	0.60
2026-01-16	02:29	1.92
2026-01-16	08:38	0.63
2026-01-16	14:38	2.05
2026-01-16	21:04	0.48
2026-01-17	03:04	2.03
2026-01-17	09:14	0.53
2026-01-17	15:19	2.16
2026-01-17	21:40	0.38
2026-01-18	03:42	2.13
2026-01-18	09:51	0.45
2026-01-18	15:57	2.27
2026-01-18	22:14	0.29
2026-01-19	04:21	2.20
2026-01-19	10:25	0.39
2026-01-19	16:29	2.33
2026-01-19	22:49	0.23
2026-01-20	04:59	2.24
2026-01-20	10:59	0.36
2026-01-20	17:06	2.37
2026-01-20	23:25	0.21
2026-01-21	05:31	2.23
2026-01-21	11:34	0.36
2026-01-21	17:47	2.37
2026-01-22	00:02	0.24
2026-01-22	06:12	2.19
2026-01-22	12:10	0.39
2026-01-23	00:40	0.32
2026-01-23	06:53	2.12
2026-01-23	12:51	0.45
2026-01-23	19:06	2.24
2026-01-24	01:25	0.43
2026-01-24	07:32	2.02
2026-01-24	13:32	0.53
2026-01-24	19:59	2.12
2026-01-25	02:10	0.57
2026-01-25	08:25	1.91
2026-01-25	14:31	0.62
2026-01-25	20:55	1.99
2026-01-26	03:16	0.71
2026-01-26	09:23	1.83
2026-01-26	15:36	0.70
2026-01-26	22:08	1.88
2026-01-27	04:25	0.80
2026-01-27	10:42	1.79
2026-01-27	17:08	0.71
2026-01-27	23:32	1.85
2026-01-28	06:01	0.80
2026-01-28	12:02	1.86
2026-01-28	18:42	0.62
2026-01-29	00:55	1.91
2026-01-29	07:16	0.72
2026-01-29	13:16	1.99
2026-01-30	01:59	2.02
2026-01-30	08:10	0.58
2026-01-30	14:10	2.17
2026-01-30	20:46	0.30
2026-01-31	02:55	2.14
2026-01-31	09:01	0.44
2026-01-31	15:04	2.33
2026-01-31	21:31	0.17
2026-02-01	03:36	2.24
2026-02-01	09:46	0.32
2026-02-01	15:51	2.46
2026-02-01	22:14	0.09
2026-02-02	04:19	2.30
2026-02-02	10:23	0.24
2026-02-02	16:29	2.52
2026-02-02	22:57	0.08
2026-02-03	04:59	2.32
2026-02-03	11:04	0.21
2026-02-03	17:12	2.51
2026-02-03	23:34	0.13
2026-02-04	05:34	2.28
2026-02-04	11:44	0.24
2026-02-04	17:53	2.45
2026-02-05	00:10	0.24
2026-02-05	06:14	2.21
2026-02-05	12:19	0.32
2026-02-05	18:29	2.31
2026-02-06	00:49	0.39
2026-02-06	06:53	2.11
2026-02-06	12:59	0.44
2026-02-06	19:10	2.14
2026-02-07	01:25	0.55
2026-02-07	07:25	1.98
2026-02-07	13:38	0.59
2026-02-07	19:55	1.96
2026-02-08	02:02	0.71
2026-02-08	08:12	1.84
2026-02-08	14:27	0.75
2026-02-08	20:36	1.78
2026-02-09	02:47	0.87
2026-02-09	09:02	1.73
2026-02-09	15:19	0.89
2026-02-09	21:44	1.64
2026-02-10	03:59	0.97
2026-02-10	10:10	1.64
2026-02-10	16:59	0.95
2026-02-10	22:59	1.57
2026-02-11	05:40	1.00
2026-02-11	11:34	1.64
2026-02-11	18:31	0.91
2026-02-11	19:49	0.48
2026-02-12	00:23	1.61
2026-02-12	06:46	0.94
2026-02-12	12:47	1.72
2026-02-12	19:21	0.80
2026-02-13	01:21	1.73
2026-02-13	07:46	0.81
2026-02-13	13:40	1.86
2026-02-13	20:10	0.65
2026-02-14	02:10	1.87
2026-02-14	08:19	0.67
2026-02-14	14:17	2.02
2026-02-14	20:47	0.48
2026-02-15	02:49	2.03
2026-02-15	08:57	0.53
2026-02-15	14:57	2.18
2026-02-15	21:17	0.33
2026-02-16	03:19	2.17
2026-02-16	09:31	0.40
2026-02-16	15:34	2.33
2026-02-16	21:53	0.20
2026-02-17	03:59	2.28
2026-02-17	10:02	0.29
2026-02-17	16:06	2.45
2026-02-17	22:27	0.12
2026-02-18	04:34	2.35
2026-02-18	10:36	0.22
2026-02-18	16:44	2.51
2026-02-18	23:02	0.09
2026-02-19	05:06	2.37
2026-02-19	11:10	0.20
2026-02-19	17:23	2.51
2026-02-19	23:38	0.13
2026-02-20	05:44	2.32
2026-02-20	11:49	0.22
2026-02-20	18:02	2.45
2026-02-21	00:14	0.23
2026-02-21	06:25	2.24
2026-02-21	12:27	0.30
2026-02-21	18:44	2.32
2026-02-22	00:57	0.39
2026-02-22	07:04	2.12
2026-02-22	13:10	0.42
2026-02-22	19:36	2.14
2026-02-23	01:44	0.58
2026-02-23	07:53	1.96
2026-02-23	14:06	0.58
2026-02-23	20:29	1.94
2026-02-24	02:42	0.78
2026-02-24	08:59	1.83
2026-02-24	15:17	0.72
2026-02-24	21:57	1.78
2026-02-25	04:08	0.91
2026-02-25	10:23	1.75
2026-02-25	17:08	0.75
2026-02-25	23:36	1.73
2026-02-26	06:01	0.90
2026-02-26	11:59	1.81
2026-02-26	18:51	0.64
2026-02-27	01:01	1.82
2026-02-27	07:17	0.78
2026-02-27	13:14	1.97
2026-02-28	02:01	1.96
2026-02-28	08:06	0.60
2026-02-28	14:08	2.16
2026-02-28	20:42	0.32
2026-03-01	02:46	2.10
2026-03-01	08:51	0.44
2026-03-01	14:55	2.33
2026-03-01	21:17	0.19
2026-03-02	03:21	2.22
2026-03-02	09:31	0.30
2026-03-02	15:34	2.45
2026-03-02	21:57	0.13
2026-03-03	03:59	2.30
2026-03-03	10:04	0.20
2026-03-03	16:10	2.51
2026-03-03	22:32	0.12
2026-03-04	04:32	2.34
2026-03-04	10:38	0.16
2026-03-04	16:47	2.50
2026-03-04	23:04	0.16
2026-03-05	05:02	2.34
2026-03-05	11:14	0.18
2026-03-05	17:23	2.43
2026-03-05	23:34	0.25
2026-03-06	05:36	2.28
2026-03-06	11:49	0.26
2026-03-06	17:59	2.31
2026-03-07	00:06	0.37
2026-03-07	06:10	2.19
2026-03-07	12:19	0.38
2026-03-07	18:29	2.15
2026-03-08	00:38	0.52
2026-03-08	06:47	2.07
2026-03-08	12:55	0.54
2026-03-08	19:08	1.96
2026-03-09	01:10	0.68
2026-03-09	07:19	1.92
2026-03-09	13:34	0.71
2026-03-09	19:53	1.78
2026-03-10	01:47	0.84
2026-03-10	08:10	1.76
2026-03-10	14:25	0.87
2026-03-10	20:40	1.62
2026-03-11	02:42	0.99
2026-03-11	09:08	1.64
2026-03-11	15:46	0.98
2026-03-11	22:06	1.54
2026-03-12	04:23	1.06
2026-03-12	10:49	1.60
2026-03-12	17:36	0.96
2026-03-12	23:51	1.57
2026-03-13	06:08	0.99
2026-03-13	12:08	1.68
2026-03-13	18:57	0.82
2026-03-13	20:25	0.35
2026-03-14	00:53	1.70
2026-03-14	07:14	0.86
2026-03-14	13:06	1.83
2026-03-14	19:34	0.65
2026-03-15	01:42	1.87
2026-03-15	07:55	0.69
2026-03-15	13:49	2.02
2026-03-15	20:16	0.47
2026-03-16	02:17	2.05
2026-03-16	08:23	0.52
2026-03-16	14:27	2.21
2026-03-16	20:51	0.29
2026-03-17	02:55	2.21
2026-03-17	09:01	0.35
2026-03-17	15:04	2.39
2026-03-17	21:21	0.15
2026-03-18	03:27	2.34
2026-03-18	09:36	0.21
2026-03-18	15:44	2.52
2026-03-18	21:59	0.07
2026-03-19	04:04	2.42
2026-03-19	10:08	0.11
2026-03-19	16:19	2.59
2026-03-19	22:38	0.05
2026-03-20	04:44	2.45
2026-03-20	10:47	0.08
2026-03-20	17:01	2.57
2026-03-20	23:12	0.10
2026-03-21	05:17	2.41
2026-03-21	11:27	0.12
2026-03-21	17:44	2.48
2026-03-21	23:53	0.24
2026-03-22	06:01	2.31
2026-03-22	12:08	0.22
2026-03-22	18:25	2.31
2026-03-23	00:38	0.42
2026-03-23	06:47	2.16
2026-03-23	12:57	0.38
2026-03-23	19:21	2.09
2026-03-24	01:25	0.64
2026-03-24	07:34	1.99
2026-03-24	14:01	0.57
2026-03-24	20:21	1.87
2026-03-25	02:32	0.84
2026-03-25	08:49	1.84
2026-03-25	15:27	0.72
2026-03-25	21:57	1.72
2026-03-26	04:12	0.95
2026-03-26	10:23	1.77
2026-03-26	17:16	0.73
2026-03-26	23:42	1.71
2026-03-27	05:59	0.90
2026-03-27	11:55	1.84
2026-03-27	18:47	0.61
2026-03-28	00:55	1.81
2026-03-28	07:06	0.76
2026-03-28	13:04	2.00
2026-03-28	19:38	0.47
2026-03-29	01:49	1.95
2026-03-29	07:55	0.58
2026-03-29	13:55	2.16
2026-03-30	02:25	2.07
2026-03-30	08:31	0.43
2026-03-30	14:36	2.29
2026-03-30	21:01	0.27
2026-03-31	02:59	2.18
2026-03-31	09:08	0.31
2026-03-31	15:12	2.38
2026-03-31	21:31	0.23
2026-04-01	03:29	2.27
2026-04-01	09:42	0.22
2026-04-01	15:46	2.42
2026-04-01	22:01	0.22
2026-04-02	04:01	2.32
2026-04-02	10:10	0.18
2026-04-02	16:16	2.41
2026-04-02	22:32	0.25
2026-04-03	04:32	2.33
2026-04-03	10:42	0.20
2026-04-03	16:51	2.35
2026-04-03	23:01	0.30
2026-04-04	05:02	2.30
2026-04-04	11:17	0.27
2026-04-04	17:25	2.24
2026-04-04	23:29	0.40
2026-04-05	05:36	2.22
2026-04-05	11:51	0.38
2026-04-05	17:59	2.11
2026-04-05	19:16	2.04
2026-04-06	00:01	0.53
2026-04-06	06:12	2.10
2026-04-06	12:21	0.52
2026-04-06	18:32	1.95
2026-04-07	00:36	0.67
2026-04-07	06:51	1.96
2026-04-07	13:01	0.68
2026-04-07	19:19	1.79
2026-04-08	01:10	0.81
2026-04-08	07:31	1.81
2026-04-08	13:53	0.82
2026-04-08	20:08	1.66
2026-04-09	02:04	0.95
2026-04-09	08:40	1.69
2026-04-09	15:02	0.92
2026-04-09	21:34	1.57
2026-04-10	03:34	1.03
2026-04-10	09:51	1.64
2026-04-10	16:46	0.91
2026-04-10	22:55	1.59
2026-04-11	05:19	1.00
2026-04-11	11:12	1.70
2026-04-11	18:02	0.81
2026-04-11	19:55	0.44
2026-04-12	00:06	1.71
2026-04-12	06:19	0.87
2026-04-12	12:21	1.84
2026-04-12	18:55	0.64
2026-04-13	00:57	1.87
2026-04-13	07:10	0.70
2026-04-13	13:06	2.03
2026-04-13	19:32	0.47
2026-04-14	01:42	2.05
2026-04-14	07:51	0.51
2026-04-14	13:51	2.22
2026-04-14	20:14	0.30
2026-04-15	02:16	2.21
2026-04-15	08:23	0.33
2026-04-15	14:34	2.39
2026-04-15	20:53	0.17
2026-04-16	02:57	2.35
2026-04-16	09:04	0.18
2026-04-16	15:14	2.52
2026-04-16	21:27	0.10
2026-04-17	03:36	2.44
2026-04-17	09:47	0.07
2026-04-17	15:57	2.57
2026-04-17	22:10	0.10
2026-04-18	04:16	2.47
2026-04-18	10:25	0.04
2026-04-18	16:42	2.54
2026-04-18	22:53	0.16
2026-04-19	04:59	2.43
2026-04-19	11:12	0.09
2026-04-19	17:27	2.43
2026-04-19	23:34	0.29
2026-04-20	05:44	2.34
2026-04-20	12:01	0.20
2026-04-20	18:16	2.25
2026-04-21	00:25	0.47
2026-04-21	06:34	2.20
2026-04-21	12:55	0.36
2026-04-22	01:17	0.66
2026-04-22	07:29	2.04
2026-04-22	14:04	0.53
2026-04-22	20:21	1.85
2026-04-23	02:36	0.82
2026-04-23	08:47	1.91
2026-04-23	15:36	0.65
2026-04-23	21:55	1.74
2026-04-24	04:06	0.89
2026-04-24	10:16	1.86
2026-04-24	17:06	0.65
2026-04-24	23:23	1.74
2026-04-25	05:36	0.84
2026-04-25	11:32	1.91
2026-04-25	18:21	0.59
2026-04-26	00:25	1.82
2026-04-26	06:36	0.72
2026-04-26	12:44	2.01
2026-04-26	19:12	0.50
2026-04-27	01:17	1.92
2026-04-27	07:27	0.59
2026-04-27	13:27	2.11
2026-04-28	01:57	2.02
2026-04-28	08:04	0.46
2026-04-28	14:08	2.19
2026-04-28	20:32	0.40
2026-04-29	02:25	2.12
2026-04-29	08:40	0.37
2026-04-29	14:47	2.24
2026-04-29	21:02	0.36
2026-04-30	02:59	2.20
2026-04-30	09:14	0.31
2026-04-30	15:16	2.27
2026-04-30	21:29	0.36
2026-05-01	03:31	2.25
2026-05-01	09:47	0.27
2026-05-01	15:49	2.26
2026-05-01	21:59	0.36
2026-05-02	04:02	2.28
2026-05-02	10:16	0.28
2026-05-02	16:23	2.22
2026-05-02	22:32	0.39
2026-05-03	04:36	2.26
2026-05-03	10:49	0.33
2026-05-03	16:59	2.16
2026-05-03	23:02	0.45
2026-05-04	05:10	2.20
2026-05-04	11:29	0.41
2026-05-04	17:34	2.06
2026-05-04	23:32	0.54
2026-05-05	05:49	2.11
2026-05-05	12:02	0.51
2026-05-05	18:12	1.95
2026-05-05	20:14	1.91
2026-05-06	00:14	0.66
2026-05-06	06:29	2.00
2026-05-06	12:40	0.63
2026-05-06	18:59	1.84
2026-05-07	00:57	0.77
2026-05-07	07:10	1.88
2026-05-07	13:36	0.73
2026-05-07	19:53	1.74
2026-05-08	01:42	0.88
2026-05-08	08:08	1.79
2026-05-08	14:29	0.80
2026-05-08	20:53	1.67
2026-05-09	02:57	0.94
2026-05-09	09:08	1.76
2026-05-09	15:51	0.81
2026-05-09	22:04	1.68
2026-05-10	04:12	0.93
2026-05-10	10:25	1.79
2026-05-10	16:59	0.74
2026-05-10	23:14	1.75
2026-05-11	05:19	0.84
2026-05-11	11:23	1.89
2026-05-11	18:01	0.63
2026-05-11	19:59	0.56
2026-05-12	00:06	1.88
2026-05-12	06:16	0.69
2026-05-12	12:25	2.04
2026-05-12	18:49	0.50
2026-05-13	00:55	2.02
2026-05-13	07:06	0.52
2026-05-13	13:12	2.20
2026-05-13	19:34	0.37
2026-05-14	01:44	2.17
2026-05-14	07:53	0.34
2026-05-14	14:02	2.34
2026-05-14	20:19	0.27
2026-05-15	02:23	2.30
2026-05-15	08:36	0.20
2026-05-15	14:51	2.44
2026-05-15	21:02	0.20
2026-05-16	03:08	2.40
2026-05-16	09:25	0.10
2026-05-16	15:36	2.47
2026-05-16	21:49	0.20
2026-05-17	03:57	2.45
2026-05-17	10:10	0.06
2026-05-17	16:27	2.44
2026-05-17	22:38	0.25
2026-05-18	04:42	2.43
2026-05-18	11:02	0.09
2026-05-18	17:16	2.35
2026-05-18	23:23	0.34
2026-05-19	05:32	2.37
2026-05-19	11:59	0.18
2026-05-19	18:10	2.21
2026-05-20	00:19	0.47
2026-05-20	06:27	2.26
2026-05-20	12:55	0.32
2026-05-20	19:10	2.05
2026-05-21	01:14	0.60
2026-05-21	07:25	2.14
2026-05-21	14:02	0.45
2026-05-22	02:27	0.72
2026-05-22	08:36	2.03
2026-05-22	15:19	0.56
2026-05-22	21:31	1.81
2026-05-23	03:38	0.77
2026-05-23	09:47	1.96
2026-05-23	16:32	0.61
2026-05-23	22:38	1.78
2026-05-24	04:57	0.76
2026-05-24	11:01	1.95
2026-05-24	17:44	0.62
2026-05-24	23:47	1.81
2026-05-25	05:59	0.71
2026-05-25	12:04	1.96
2026-05-25	18:36	0.60
2026-05-26	00:31	1.87
2026-05-26	06:51	0.63
2026-05-26	12:57	2.00
2026-05-26	19:17	0.58
2026-05-27	01:19	1.94
2026-05-27	07:36	0.55
2026-05-27	13:34	2.03
2026-05-28	01:57	2.02
2026-05-28	08:12	0.49
2026-05-28	14:16	2.06
2026-05-28	20:32	0.53
2026-05-29	02:25	2.10
2026-05-29	08:49	0.43
2026-05-29	14:53	2.09
2026-05-29	21:02	0.49
2026-05-30	03:02	2.16
2026-05-30	09:25	0.40
2026-05-30	15:23	2.11
2026-05-30	21:34	0.48
2026-05-31	03:42	2.20
2026-05-31	09:59	0.38
2026-05-31	16:02	2.11
2026-05-31	22:10	0.47
2026-06-01	04:12	2.21
2026-06-01	10:31	0.39
2026-06-01	16:42	2.09
2026-06-01	22:46	0.49
2026-06-02	04:51	2.19
2026-06-02	11:12	0.42
2026-06-02	17:16	2.06
2026-06-02	23:17	0.54
2026-06-03	05:31	2.14
2026-06-03	11:51	0.47
2026-06-03	17:59	2.00
2026-06-03	23:59	0.61
2026-06-04	06:10	2.08
2026-06-04	12:25	0.53
2026-06-04	18:44	1.93
2026-06-04	20:49	1.89
2026-06-05	00:44	0.68
2026-06-05	06:53	2.01
2026-06-05	13:16	0.59
2026-06-05	19:27	1.86
2026-06-06	01:19	0.75
2026-06-06	07:42	1.95
2026-06-06	14:02	0.64
2026-06-06	20:17	1.80
2026-06-07	02:17	0.80
2026-06-07	08:34	1.91
2026-06-07	14:57	0.68
2026-06-07	21:16	1.78
2026-06-08	03:12	0.81
2026-06-08	09:32	1.90
2026-06-08	16:02	0.68
2026-06-08	22:14	1.80
2026-06-09	04:23	0.77
2026-06-09	10:40	1.94
2026-06-09	17:04	0.65
2026-06-09	23:17	1.86
2026-06-10	05:23	0.68
2026-06-10	11:38	2.02
2026-06-10	18:04	0.57
2026-06-10	20:04	0.67
2026-06-11	00:10	1.97
2026-06-11	06:27	0.55
2026-06-11	12:44	2.12
2026-06-11	19:01	0.49
2026-06-12	01:08	2.09
2026-06-12	07:23	0.40
2026-06-12	13:36	2.22
2026-06-12	19:55	0.41
2026-06-13	02:01	2.23
2026-06-13	08:17	0.26
2026-06-13	14:34	2.30
2026-06-13	20:47	0.34
2026-06-14	02:51	2.33
2026-06-14	09:12	0.15
2026-06-14	15:23	2.35
2026-06-14	21:36	0.30
2026-06-15	03:44	2.42
2026-06-15	10:04	0.09
2026-06-15	16:17	2.35
2026-06-15	22:27	0.30
2026-06-16	04:31	2.45
2026-06-16	10:59	0.09
2026-06-16	17:08	2.31
2026-06-16	23:14	0.33
2026-06-17	05:25	2.43
2026-06-17	11:53	0.14
2026-06-17	18:02	2.22
2026-06-18	00:08	0.40
2026-06-18	06:16	2.37
2026-06-18	12:46	0.24
2026-06-18	18:57	2.12
2026-06-19	01:02	0.48
2026-06-19	07:12	2.27
2026-06-19	13:47	0.36
2026-06-19	19:51	2.00
2026-06-20	01:57	0.58
2026-06-20	08:08	2.15
2026-06-20	14:42	0.50
2026-06-21	03:01	0.66
2026-06-21	09:08	2.03
2026-06-21	15:51	0.61
2026-06-21	21:49	1.82
2026-06-22	04:04	0.72
2026-06-22	10:14	1.93
2026-06-22	16:47	0.70
2026-06-22	22:47	1.79
2026-06-23	05:08	0.73
2026-06-23	11:14	1.87
2026-06-23	17:51	0.74
2026-06-23	23:49	1.80
2026-06-24	06:10	0.72
2026-06-24	12:17	1.85
2026-06-24	18:38	0.75
2026-06-25	00:34	1.84
2026-06-25	07:04	0.68
2026-06-25	13:04	1.86
2026-06-25	19:25	0.72
2026-06-26	01:25	1.91
2026-06-26	07:49	0.62
2026-06-26	13:47	1.89
2026-06-27	02:02	1.99
2026-06-27	08:29	0.56
2026-06-27	14:32	1.94
2026-06-27	20:42	0.61
2026-06-28	02:40	2.07
2026-06-28	09:06	0.49
2026-06-28	15:06	2.01
2026-06-28	21:16	0.55
2026-06-29	03:23	2.14
2026-06-29	09:46	0.43
2026-06-29	15:46	2.05
2026-06-29	21:55	0.51
2026-06-30	04:01	2.19
2026-06-30	10:17	0.39
2026-06-30	16:25	2.09
2026-06-30	22:31	0.48
2026-07-01	04:34	2.22
2026-07-01	10:55	0.37
2026-07-01	17:02	2.11
2026-07-01	23:04	0.48
2026-07-02	05:14	2.22
2026-07-02	11:32	0.37
2026-07-02	17:38	2.09
2026-07-02	23:40	0.51
2026-07-03	05:53	2.20
2026-07-03	12:06	0.39
2026-07-03	18:19	2.05
2026-07-03	20:01	1.97
2026-07-04	00:19	0.55
2026-07-04	06:29	2.16
2026-07-04	12:46	0.44
2026-07-04	19:01	2.00
2026-07-05	00:59	0.59
2026-07-05	07:12	2.11
2026-07-05	13:32	0.51
2026-07-05	19:42	1.94
2026-07-06	01:36	0.64
2026-07-06	08:01	2.05
2026-07-06	14:14	0.58
2026-07-06	20:32	1.88
2026-07-07	02:32	0.68
2026-07-07	08:53	1.99
2026-07-07	15:14	0.65
2026-07-07	21:27	1.84
2026-07-08	03:27	0.70
2026-07-08	09:57	1.95
2026-07-08	16:14	0.69
2026-07-08	22:29	1.84
2026-07-09	04:47	0.68
2026-07-09	11:06	1.94
2026-07-09	17:32	0.70
2026-07-09	23:40	1.90
2026-07-10	05:59	0.61
2026-07-10	12:19	1.99
2026-07-10	18:36	0.65
2026-07-10	20:23	0.67
2026-07-11	00:44	2.00
2026-07-11	07:10	0.47
2026-07-11	13:23	2.07
2026-07-11	19:44	0.55
2026-07-12	01:47	2.15
2026-07-12	08:12	0.33
2026-07-12	14:27	2.17
2026-07-12	20:36	0.45
2026-07-13	02:40	2.29
2026-07-13	09:08	0.19
2026-07-13	15:16	2.26
2026-07-13	21:27	0.35
2026-07-14	03:36	2.42
2026-07-14	10:01	0.09
2026-07-14	16:10	2.31
2026-07-14	22:16	0.28
2026-07-15	04:21	2.50
2026-07-15	10:51	0.06
2026-07-15	16:59	2.32
2026-07-15	23:02	0.26
2026-07-16	05:12	2.51
2026-07-16	11:38	0.09
2026-07-16	17:42	2.28
2026-07-16	23:49	0.28
2026-07-17	06:01	2.47
2026-07-17	12:23	0.18
2026-07-17	18:29	2.20
2026-07-18	00:36	0.35
2026-07-18	06:46	2.36
2026-07-18	13:12	0.32
2026-07-18	19:12	2.10
2026-07-19	01:19	0.45
2026-07-19	07:36	2.21
2026-07-19	14:01	0.48
2026-07-20	02:14	0.58
2026-07-20	08:23	2.04
2026-07-20	14:47	0.65
2026-07-20	20:53	1.86
2026-07-21	03:06	0.69
2026-07-21	09:19	1.88
2026-07-21	15:51	0.78
2026-07-21	21:47	1.77
2026-07-22	04:17	0.79
2026-07-22	10:23	1.75
2026-07-22	16:47	0.87
2026-07-22	22:51	1.72
2026-07-23	05:23	0.83
2026-07-23	11:31	1.69
2026-07-23	18:01	0.89
2026-07-23	23:57	1.74
2026-07-24	06:40	0.80
2026-07-24	12:38	1.70
2026-07-24	18:55	0.85
2026-07-25	00:55	1.80
2026-07-25	07:27	0.73
2026-07-25	13:27	1.77
2026-07-25	19:49	0.77
2026-07-26	01:47	1.90
2026-07-26	08:16	0.64
2026-07-26	14:16	1.86
2026-07-27	02:23	2.01
2026-07-27	08:55	0.53
2026-07-27	14:55	1.97
2026-07-27	21:02	0.58
2026-07-28	03:04	2.12
2026-07-28	09:27	0.43
2026-07-28	15:27	2.07
2026-07-28	21:38	0.48
2026-07-29	03:44	2.22
2026-07-29	10:01	0.34
2026-07-29	16:04	2.15
2026-07-29	22:10	0.41
2026-07-30	04:14	2.30
2026-07-30	10:36	0.27
2026-07-30	16:44	2.21
2026-07-30	22:46	0.38
2026-07-31	04:51	2.34
2026-07-31	11:08	0.24
2026-07-31	17:14	2.22
2026-07-31	23:16	0.37
2026-08-01	05:27	2.34
2026-08-01	11:44	0.26
2026-08-01	17:49	2.19
2026-08-01	23:51	0.39
2026-08-02	06:02	2.32
2026-08-02	12:16	0.32
2026-08-02	18:29	2.13
2026-08-02	19:55	1.89
2026-08-03	00:27	0.43
2026-08-03	06:42	2.24
2026-08-03	12:57	0.42
2026-08-03	19:06	2.05
2026-08-04	01:06	0.50
2026-08-04	07:29	2.13
2026-08-04	13:42	0.54
2026-08-04	19:51	1.95
2026-08-05	01:55	0.59
2026-08-05	08:17	2.01
2026-08-05	14:29	0.68
2026-08-05	20:51	1.86
2026-08-06	02:59	0.67
2026-08-06	09:27	1.89
2026-08-06	15:46	0.79
2026-08-06	21:57	1.80
2026-08-07	04:25	0.72
2026-08-07	10:49	1.83
2026-08-07	17:14	0.84
2026-08-07	23:17	1.83
2026-08-08	05:53	0.67
2026-08-08	12:14	1.86
2026-08-08	18:31	0.77
2026-08-08	20:06	0.69
2026-08-09	00:36	1.94
2026-08-09	07:10	0.51
2026-08-09	13:23	1.97
2026-08-09	19:42	0.63
2026-08-10	01:42	2.12
2026-08-10	08:14	0.34
2026-08-10	14:23	2.11
2026-08-10	20:31	0.48
2026-08-11	02:34	2.30
2026-08-11	09:04	0.19
2026-08-11	15:08	2.23
2026-08-11	21:19	0.33
2026-08-12	03:23	2.45
2026-08-12	09:49	0.09
2026-08-12	15:55	2.31
2026-08-12	22:02	0.22
2026-08-13	04:06	2.55
2026-08-13	10:32	0.05
2026-08-13	16:38	2.35
2026-08-13	22:42	0.17
2026-08-14	04:51	2.56
2026-08-14	11:12	0.08
2026-08-14	17:12	2.34
2026-08-14	23:21	0.18
2026-08-15	05:34	2.51
2026-08-15	11:53	0.18
2026-08-15	17:53	2.27
2026-08-16	00:02	0.25
2026-08-16	06:12	2.39
2026-08-16	12:31	0.32
2026-08-16	18:34	2.17
2026-08-17	00:44	0.37
2026-08-17	06:55	2.21
2026-08-17	13:10	0.50
2026-08-17	19:10	2.04
2026-08-18	01:23	0.52
2026-08-18	07:42	2.01
2026-08-18	13:53	0.67
2026-08-19	02:14	0.69
2026-08-19	08:23	1.82
2026-08-19	14:36	0.84
2026-08-19	20:51	1.76
2026-08-20	03:12	0.84
2026-08-20	09:31	1.66
2026-08-20	15:49	0.96
2026-08-20	21:53	1.67
2026-08-21	04:47	0.92
2026-08-21	10:46	1.58
2026-08-21	17:23	1.00
2026-08-21	23:16	1.66
2026-08-22	06:16	0.90
2026-08-22	12:10	1.61
2026-08-22	18:29	0.94
2026-08-23	00:31	1.73
2026-08-23	07:08	0.79
2026-08-23	13:08	1.71
2026-08-23	19:31	0.83
2026-08-24	01:23	1.85
2026-08-24	07:53	0.67
2026-08-24	13:55	1.84
2026-08-25	02:04	2.00
2026-08-25	08:32	0.52
2026-08-25	14:32	1.99
2026-08-25	20:40	0.56
2026-08-26	02:40	2.14
2026-08-26	09:02	0.38
2026-08-26	15:04	2.13
2026-08-26	21:14	0.44
2026-08-27	03:16	2.28
2026-08-27	09:32	0.26
2026-08-27	15:38	2.24
2026-08-27	21:47	0.33
2026-08-28	03:51	2.39
2026-08-28	10:06	0.18
2026-08-28	16:12	2.31
2026-08-28	22:16	0.26
2026-08-29	04:21	2.45
2026-08-29	10:42	0.15
2026-08-29	16:49	2.34
2026-08-29	22:49	0.23
2026-08-30	05:01	2.46
2026-08-30	11:12	0.17
2026-08-30	17:19	2.31
2026-08-30	23:23	0.24
2026-08-31	05:40	2.42
2026-08-31	11:49	0.25
2026-08-31	17:59	2.23
2026-09-01	00:01	0.30
2026-09-01	06:16	2.31
2026-09-01	12:27	0.39
2026-09-01	18:40	2.13
2026-09-02	00:42	0.41
2026-09-02	07:02	2.14
2026-09-02	13:10	0.56
2026-09-02	19:19	1.99
2026-09-03	01:32	0.55
2026-09-03	08:01	1.97
2026-09-03	14:04	0.75
2026-09-03	20:23	1.85
2026-09-04	02:42	0.69
2026-09-04	09:14	1.79
2026-09-04	15:29	0.90
2026-09-04	21:38	1.77
2026-09-05	04:27	0.75
2026-09-05	10:47	1.73
2026-09-05	17:16	0.92
2026-09-05	23:14	1.80
2026-09-06	06:06	0.67
2026-09-06	12:19	1.80
2026-09-06	18:34	0.80
2026-09-06	19:40	0.70
2026-09-07	00:38	1.95
2026-09-07	07:14	0.50
2026-09-07	13:25	1.95
2026-09-07	19:40	0.63
2026-09-08	01:36	2.15
2026-09-08	08:08	0.33
2026-09-08	14:14	2.10
2026-09-08	20:19	0.44
2026-09-09	02:23	2.33
2026-09-09	08:55	0.19
2026-09-09	14:57	2.23
2026-09-09	21:02	0.29
2026-09-10	03:08	2.47
2026-09-10	09:29	0.11
2026-09-10	15:31	2.32
2026-09-10	21:44	0.18
2026-09-11	03:49	2.54
2026-09-11	10:08	0.09
2026-09-11	16:08	2.37
2026-09-11	22:16	0.12
2026-09-12	04:23	2.54
2026-09-12	10:46	0.13
2026-09-12	16:46	2.37
2026-09-12	22:53	0.14
2026-09-13	05:02	2.47
2026-09-13	11:16	0.22
2026-09-13	17:16	2.32
2026-09-13	23:31	0.21
2026-09-14	05:42	2.34
2026-09-14	11:49	0.35
2026-09-14	17:53	2.22
2026-09-15	00:04	0.34
2026-09-15	06:14	2.17
2026-09-15	12:23	0.51
2026-09-15	18:31	2.09
2026-09-16	00:42	0.50
2026-09-16	06:55	1.97
2026-09-16	13:01	0.68
2026-09-16	19:06	1.94
2026-09-17	01:25	0.69
2026-09-17	07:44	1.79
2026-09-17	13:40	0.85
2026-09-17	19:57	1.78
2026-09-18	02:21	0.85
2026-09-18	08:32	1.62
2026-09-18	14:42	0.99
2026-09-18	21:04	1.66
2026-09-19	03:51	0.96
2026-09-19	10:02	1.54
2026-09-19	16:23	1.05
2026-09-19	22:42	1.62
2026-09-20	05:31	0.93
2026-09-20	11:42	1.57
2026-09-20	18:02	0.98
2026-09-20	23:55	1.69
2026-09-21	06:46	0.81
2026-09-21	12:40	1.70
2026-09-21	18:57	0.86
2026-09-22	00:55	1.83
2026-09-22	07:19	0.67
2026-09-22	13:25	1.85
2026-09-23	01:32	1.99
2026-09-23	07:57	0.51
2026-09-23	14:01	2.02
2026-09-23	20:08	0.54
2026-09-24	02:08	2.16
2026-09-24	08:32	0.35
2026-09-24	14:34	2.17
2026-09-24	20:40	0.40
2026-09-25	02:46	2.32
2026-09-25	09:02	0.22
2026-09-25	15:06	2.29
2026-09-25	21:14	0.27
2026-09-26	03:19	2.44
2026-09-26	09:34	0.13
2026-09-26	15:42	2.38
2026-09-26	21:49	0.17
2026-09-27	03:57	2.52
2026-09-27	10:10	0.11
2026-09-27	16:16	2.41
2026-09-27	22:19	0.13
2026-09-28	04:34	2.52
2026-09-28	10:49	0.14
2026-09-28	16:55	2.39
2026-09-28	23:01	0.15
2026-09-29	05:16	2.45
2026-09-29	11:23	0.25
2026-09-29	17:31	2.31
2026-09-29	23:44	0.23
2026-09-30	06:01	2.31
2026-09-30	12:06	0.41
2026-09-30	18:16	2.18
2026-10-01	00:25	0.36
2026-10-01	06:47	2.11
2026-10-01	12:55	0.61
2026-10-01	19:04	2.03
2026-10-02	01:27	0.53
2026-10-02	07:53	1.90
2026-10-02	13:53	0.80
2026-10-02	20:12	1.87
2026-10-03	02:46	0.68
2026-10-03	09:16	1.74
2026-10-03	15:29	0.93
2026-10-03	21:34	1.80
2026-10-04	04:36	0.72
2026-10-04	10:53	1.71
2026-10-04	17:16	0.90
2026-10-04	23:12	1.85
2026-10-05	06:04	0.62
2026-10-05	12:14	1.82
2026-10-05	18:25	0.76
2026-10-05	18:53	0.73
2026-10-06	00:31	2.00
2026-10-06	07:04	0.47
2026-10-06	13:14	1.95
2026-10-06	19:23	0.59
2026-10-07	01:21	2.17
2026-10-07	07:53	0.34
2026-10-07	13:57	2.09
2026-10-07	20:02	0.42
2026-10-08	02:06	2.31
2026-10-08	08:34	0.25
2026-10-08	14:31	2.20
2026-10-08	20:40	0.29
2026-10-09	02:47	2.40
2026-10-09	09:06	0.20
2026-10-09	15:04	2.29
2026-10-09	21:17	0.20
2026-10-10	03:23	2.45
2026-10-10	09:38	0.20
2026-10-10	15:40	2.34
2026-10-10	21:53	0.15
2026-10-11	03:59	2.44
2026-10-11	10:12	0.23
2026-10-11	16:10	2.36
2026-10-11	22:23	0.17
2026-10-12	04:32	2.37
2026-10-12	10:46	0.29
2026-10-12	16:46	2.32
2026-10-12	22:59	0.24
2026-10-13	05:06	2.26
2026-10-13	11:12	0.39
2026-10-13	17:17	2.24
2026-10-13	23:36	0.35
2026-10-14	05:46	2.12
2026-10-14	11:44	0.52
2026-10-14	17:57	2.12
2026-10-14	19:01	2.10
2026-10-15	00:10	0.50
2026-10-15	06:19	1.95
2026-10-15	12:23	0.67
2026-10-15	18:38	1.98
2026-10-16	00:51	0.66
2026-10-16	07:06	1.79
2026-10-16	13:02	0.81
2026-10-16	19:19	1.83
2026-10-17	01:47	0.81
2026-10-17	08:02	1.65
2026-10-17	13:55	0.95
2026-10-17	20:27	1.70
2026-10-18	02:59	0.91
2026-10-18	09:21	1.57
2026-10-18	15:27	1.03
2026-10-18	21:40	1.64
2026-10-19	04:38	0.91
2026-10-19	10:40	1.59
2026-10-19	17:08	1.00
2026-10-19	23:02	1.70
2026-10-20	05:49	0.82
2026-10-20	11:57	1.70
2026-10-20	18:06	0.88
2026-10-21	00:04	1.81
2026-10-21	06:40	0.68
2026-10-21	12:38	1.84
2026-10-22	00:53	1.98
2026-10-22	07:14	0.52
2026-10-22	13:21	2.00
2026-10-22	19:32	0.56
2026-10-23	01:29	2.15
2026-10-23	07:53	0.38
2026-10-23	13:59	2.16
2026-10-23	20:04	0.39
2026-10-24	02:10	2.31
2026-10-24	08:31	0.25
2026-10-24	14:32	2.29
2026-10-24	20:42	0.25
2026-10-25	02:53	2.44
2026-10-25	09:04	0.16
2026-10-25	15:10	2.39
2026-10-25	21:21	0.14
2026-10-26	03:31	2.50
2026-10-26	09:44	0.14
2026-10-26	15:51	2.44
2026-10-26	22:01	0.08
2026-10-27	04:14	2.50
2026-10-27	10:25	0.18
2026-10-27	16:31	2.42
2026-10-27	22:44	0.10
2026-10-28	05:01	2.42
2026-10-28	11:06	0.28
2026-10-28	17:14	2.36
2026-10-28	23:34	0.18
2026-10-29	05:49	2.27
2026-10-29	11:53	0.44
2026-10-29	18:04	2.24
2026-10-30	00:21	0.32
2026-10-30	06:44	2.08
2026-10-30	12:51	0.61
2026-10-31	01:32	0.48
2026-10-31	07:51	1.90
2026-10-31	13:53	0.77
2026-10-31	20:08	1.96
2026-11-01	02:49	0.61
2026-11-01	09:12	1.78
2026-11-01	15:19	0.86
2026-11-01	21:27	1.90
2026-11-02	04:23	0.64
2026-11-02	10:34	1.76
2026-11-02	16:55	0.83
2026-11-02	22:59	1.93
2026-11-03	05:44	0.58
2026-11-03	11:55	1.83
2026-11-03	18:02	0.72
2026-11-04	00:08	2.02
2026-11-04	06:44	0.50
2026-11-04	12:44	1.92
2026-11-04	18:57	0.59
2026-11-05	01:02	2.12
2026-11-05	07:27	0.43
2026-11-05	13:31	2.03
2026-11-05	19:42	0.46
2026-11-06	01:44	2.20
2026-11-06	08:06	0.39
2026-11-06	14:04	2.13
2026-11-06	20:16	0.35
2026-11-07	02:25	2.26
2026-11-07	08:44	0.36
2026-11-07	14:38	2.21
2026-11-07	20:55	0.29
2026-11-08	03:01	2.28
2026-11-08	09:10	0.34
2026-11-08	15:12	2.27
2026-11-08	21:31	0.25
2026-11-09	03:32	2.27
2026-11-09	09:42	0.36
2026-11-09	15:47	2.30
2026-11-09	22:02	0.25
2026-11-10	04:06	2.23
2026-11-10	10:16	0.39
2026-11-10	16:17	2.29
2026-11-10	22:34	0.30
2026-11-11	04:44	2.17
2026-11-11	10:49	0.44
2026-11-11	16:55	2.24
2026-11-11	23:14	0.38
2026-11-12	05:19	2.08
2026-11-12	11:19	0.52
2026-11-12	17:32	2.15
2026-11-12	23:53	0.48
2026-11-13	05:59	1.97
2026-11-13	11:57	0.63
2026-11-13	18:12	2.04
2026-11-13	19:59	2.11
2026-11-14	00:27	0.60
2026-11-14	06:44	1.85
2026-11-14	12:44	0.75
2026-11-14	18:59	1.92
2026-11-15	01:21	0.71
2026-11-15	07:34	1.75
2026-11-15	13:25	0.86
2026-11-15	19:49	1.81
2026-11-16	02:12	0.79
2026-11-16	08:31	1.67
2026-11-16	14:38	0.93
2026-11-16	20:55	1.75
2026-11-17	03:29	0.83
2026-11-17	09:46	1.66
2026-11-17	15:46	0.95
2026-11-17	22:01	1.75
2026-11-18	04:36	0.79
2026-11-18	10:47	1.70
2026-11-18	17:01	0.88
2026-11-18	23:04	1.83
2026-11-19	05:40	0.71
2026-11-19	11:49	1.81
2026-11-19	17:57	0.76
2026-11-20	00:01	1.94
2026-11-20	06:29	0.59
2026-11-20	12:31	1.94
2026-11-20	18:46	0.61
2026-11-21	00:55	2.10
2026-11-21	07:12	0.46
2026-11-21	13:19	2.09
2026-11-21	19:31	0.44
2026-11-22	01:38	2.24
2026-11-22	07:59	0.35
2026-11-22	14:02	2.23
2026-11-22	20:14	0.28
2026-11-23	02:27	2.35
2026-11-23	08:42	0.27
2026-11-23	14:46	2.34
2026-11-23	21:01	0.16
2026-11-24	03:12	2.42
2026-11-24	09:23	0.23
2026-11-24	15:32	2.42
2026-11-24	21:49	0.08
2026-11-25	04:01	2.43
2026-11-25	10:10	0.24
2026-11-25	16:16	2.45
2026-11-25	22:36	0.08
2026-11-26	04:53	2.38
2026-11-26	10:59	0.30
2026-11-26	17:06	2.42
2026-11-26	23:31	0.13
2026-11-27	05:44	2.27
2026-11-27	11:47	0.40
2026-11-27	17:59	2.34
2026-11-28	00:21	0.24
2026-11-28	06:40	2.13
2026-11-28	12:46	0.52
2026-11-28	18:55	2.23
2026-11-29	01:29	0.37
2026-11-29	07:40	1.98
2026-11-29	13:44	0.64
2026-11-30	02:34	0.50
2026-11-30	08:47	1.87
2026-11-30	14:59	0.72
2026-11-30	21:06	2.02
2026-12-01	03:55	0.58
2026-12-01	09:59	1.81
2026-12-01	16:14	0.75
2026-12-01	22:23	1.97
2026-12-02	05:04	0.62
2026-12-02	11:08	1.81
2026-12-02	17:21	0.71
2026-12-02	23:27	1.97
2026-12-03	06:06	0.61
2026-12-03	12:04	1.86
2026-12-03	18:25	0.64
2026-12-04	00:34	1.99
2026-12-04	06:59	0.60
2026-12-04	12:55	1.92
2026-12-04	19:14	0.56
2026-12-05	01:16	2.03
2026-12-05	07:40	0.57
2026-12-05	13:40	2.01
2026-12-05	19:59	0.49
2026-12-06	02:01	2.05
2026-12-06	08:16	0.54
2026-12-06	14:12	2.09
2026-12-06	20:36	0.43
2026-12-07	02:42	2.08
2026-12-07	08:51	0.51
2026-12-07	14:49	2.16
2026-12-07	21:12	0.38
2026-12-08	03:12	2.11
2026-12-08	09:21	0.48
2026-12-08	15:27	2.21
2026-12-08	21:49	0.35
2026-12-09	03:49	2.12
2026-12-09	09:57	0.46
2026-12-09	16:02	2.25
2026-12-09	22:21	0.35
2026-12-10	04:27	2.11
2026-12-10	10:32	0.46
2026-12-10	16:38	2.23
2026-12-10	22:59	0.38
2026-12-11	05:02	2.09
2026-12-11	11:06	0.49
2026-12-11	17:16	2.19
2026-12-11	23:38	0.42
2026-12-12	05:42	2.04
2026-12-12	11:42	0.55
2026-12-12	17:57	2.13
2026-12-12	19:36	2.25
2026-12-13	00:10	0.48
2026-12-13	06:23	1.97
2026-12-13	12:23	0.63
2026-12-13	18:34	2.05
2026-12-14	00:51	0.56
2026-12-14	07:04	1.90
2026-12-14	13:02	0.70
2026-12-14	19:17	1.97
2026-12-15	01:40	0.63
2026-12-15	07:53	1.82
2026-12-15	13:44	0.78
2026-12-15	20:06	1.91
2026-12-16	02:21	0.69
2026-12-16	08:44	1.77
2026-12-16	14:46	0.82
2026-12-16	21:01	1.86
2026-12-17	03:29	0.73
2026-12-17	09:44	1.75
2026-12-17	15:40	0.83
2026-12-17	22:04	1.86
2026-12-18	04:27	0.73
2026-12-18	10:44	1.78
2026-12-18	16:57	0.77
2026-12-18	23:08	1.91
2026-12-19	05:40	0.69
2026-12-19	11:49	1.87
2026-12-19	18:01	0.67
2026-12-20	00:16	1.99
2026-12-20	06:36	0.60
2026-12-20	12:42	1.99
2026-12-20	19:02	0.51
2026-12-21	01:12	2.11
2026-12-21	07:32	0.50
2026-12-21	13:40	2.14
2026-12-21	19:59	0.35
2026-12-22	02:10	2.22
2026-12-22	08:23	0.40
2026-12-22	14:27	2.28
2026-12-22	20:51	0.20
2026-12-23	03:02	2.32
2026-12-23	09:12	0.32
2026-12-23	15:19	2.41
2026-12-23	21:44	0.09
2026-12-24	03:53	2.37
2026-12-24	10:02	0.27
2026-12-24	16:08	2.49
2026-12-24	22:32	0.04
2026-12-25	04:47	2.37
2026-12-25	10:53	0.25
2026-12-25	16:59	2.51
2026-12-25	23:25	0.05
2026-12-26	05:32	2.32
2026-12-26	11:40	0.29
2026-12-26	17:51	2.48
2026-12-27	00:14	0.13
2026-12-27	06:25	2.23
2026-12-27	12:32	0.37
2026-12-27	18:40	2.39
2026-12-28	01:10	0.26
2026-12-28	07:16	2.11
2026-12-28	13:19	0.47
2026-12-29	02:04	0.41
2026-12-29	08:10	1.98
2026-12-29	14:23	0.58
2026-12-29	20:32	2.10
2026-12-30	03:08	0.57
2026-12-30	09:08	1.86
2026-12-30	15:21	0.68
2026-12-30	21:38	1.96
2026-12-31	04:10	0.69
2026-12-31	10:10	1.79
2026-12-31	16:40	0.74
2026-12-31	22:47	1.87